,USD
2010-01-04,1161.0
2010-01-05,1147.3
2010-01-06,1141.4
2010-01-07,1132.0
2010-01-08,1134.1
2010-01-11,1121.3
2010-01-12,1123.3
2010-01-13,1127.0
2010-01-14,1123.1
2010-01-15,1122.2
2010-01-18,1128.4
2010-01-19,1123.4
2010-01-20,1128.0
2010-01-21,1137.9
2010-01-22,1148.7
2010-01-25,1148.7
2010-01-26,1143.3
2010-01-27,1160.5
2010-01-28,1161.0
2010-01-29,1159.1
2010-02-01,1160.5
2010-02-02,1158.0
2010-02-03,1151.6
2010-02-04,1153.3
2010-02-05,1171.5
2010-02-08,1172.0
2010-02-09,1168.5
2010-02-10,1156.3
2010-02-11,1157.1
2010-02-12,1156.5
2010-02-16,1153.6
2010-02-17,1143.5
2010-02-18,1145.5
2010-02-19,1156.1
2010-02-22,1151.9
2010-02-23,1148.0
2010-02-24,1157.4
2010-02-25,1156.5
2010-02-26,1159.8
2010-03-02,1153.4
2010-03-03,1146.3
2010-03-04,1143.8
2010-03-05,1142.3
2010-03-08,1134.2
2010-03-09,1134.0
2010-03-10,1133.9
2010-03-11,1127.7
2010-03-12,1132.2
2010-03-15,1133.5
2010-03-16,1135.1
2010-03-17,1130.7
2010-03-18,1130.7
2010-03-19,1133.4
2010-03-22,1136.3
2010-03-23,1134.6
2010-03-24,1135.4
2010-03-25,1140.7
2010-03-26,1143.1
2010-03-29,1140.2
2010-03-30,1130.7
2010-03-31,1132.6
2010-04-01,1128.9
2010-04-02,1124.8
2010-04-05,1124.6
2010-04-06,1122.9
2010-04-07,1122.6
2010-04-08,1122.6
2010-04-09,1118.8
2010-04-12,1112.0
2010-04-13,1117.1
2010-04-14,1116.9
2010-04-15,1109.9
2010-04-16,1114.7
2010-04-19,1116.4
2010-04-20,1114.5
2010-04-21,1112.2
2010-04-22,1109.8
2010-04-23,1110.6
2010-04-26,1104.7
2010-04-27,1105.0
2010-04-28,1121.1
2010-04-29,1115.1
2010-04-30,1108.2
2010-05-03,1113.5
2010-05-04,1113.5
2010-05-06,1135.1
2010-05-07,1165.5
2010-05-10,1135.9
2010-05-11,1128.3
2010-05-12,1135.0
2010-05-13,1132.0
2010-05-14,1135.8
2010-05-17,1143.5
2010-05-18,1150.4
2010-05-19,1165.5
2010-05-20,1176.5
2010-05-24,1219.0
2010-05-25,1244.0
2010-05-26,1248.5
2010-05-27,1242.8
2010-05-28,1206.5
2010-05-31,1211.0
2010-06-01,1205.6
2010-06-03,1208.0
2010-06-04,1203.5
2010-06-07,1237.5
2010-06-08,1231.6
2010-06-09,1238.7
2010-06-10,1265.7
2010-06-11,1236.4
2010-06-14,1223.3
2010-06-15,1221.4
2010-06-16,1212.5
2010-06-17,1213.7
2010-06-18,1207.4
2010-06-21,1179.0
2010-06-22,1185.0
2010-06-23,1194.0
2010-06-24,1185.3
2010-06-25,1202.0
2010-06-28,1198.9
2010-06-29,1204.6
2010-06-30,1237.8
2010-07-01,1229.0
2010-07-02,1223.5
2010-07-05,1221.8
2010-07-06,1230.8
2010-07-07,1223.0
2010-07-08,1212.4
2010-07-09,1204.4
2010-07-12,1195.1
2010-07-13,1197.7
2010-07-14,1201.2
2010-07-15,1206.4
2010-07-16,1199.7
2010-07-19,1214.2
2010-07-20,1216.3
2010-07-21,1204.1
2010-07-22,1207.5
2010-07-23,1196.6
2010-07-26,1196.8
2010-07-27,1185.0
2010-07-28,1187.9
2010-07-29,1187.8
2010-07-30,1186.6
2010-08-02,1171.9
2010-08-03,1167.5
2010-08-04,1171.0
2010-08-05,1167.9
2010-08-06,1167.3
2010-08-09,1157.3
2010-08-10,1164.8
2010-08-11,1177.0
2010-08-12,1195.8
2010-08-13,1188.8
2010-08-16,1196.5
2010-08-17,1182.9
2010-08-18,1175.0
2010-08-19,1172.5
2010-08-20,1179.7
2010-08-23,1183.0
2010-08-24,1187.6
2010-08-25,1193.9
2010-08-26,1198.8
2010-08-27,1193.4
2010-08-30,1188.6
2010-08-31,1196.7
2010-09-01,1193.0
2010-09-02,1179.5
2010-09-03,1178.2
2010-09-06,1172.7
2010-09-07,1176.1
2010-09-08,1177.2
2010-09-09,1172.0
2010-09-10,1167.4
2010-09-13,1160.6
2010-09-14,1162.8
2010-09-15,1158.4
2010-09-16,1162.7
2010-09-17,1164.8
2010-09-20,1162.7
2010-09-24,1157.5
2010-09-27,1148.0
2010-09-28,1149.1
2010-09-29,1143.4
2010-09-30,1141.1
2010-10-01,1136.7
2010-10-04,1125.3
2010-10-05,1125.2
2010-10-06,1122.3
2010-10-07,1118.6
2010-10-08,1122.6
2010-10-11,1114.0
2010-10-12,1125.2
2010-10-13,1119.1
2010-10-14,1115.7
2010-10-15,1114.7
2010-10-18,1115.4
2010-10-19,1116.8
2010-10-20,1135.6
2010-10-21,1123.8
2010-10-22,1131.5
2010-10-25,1116.5
2010-10-26,1117.5
2010-10-27,1120.0
2010-10-28,1126.4
2010-10-29,1126.0
2010-11-01,1118.5
2010-11-02,1116.5
2010-11-03,1109.6
2010-11-04,1107.7
2010-11-05,1105.2
2010-11-08,1112.7
2010-11-09,1118.5
2010-11-10,1116.2
2010-11-11,1109.3
2010-11-12,1111.9
2010-11-15,1131.0
2010-11-16,1132.5
2010-11-17,1137.5
2010-11-18,1138.5
2010-11-19,1130.6
2010-11-22,1128.1
2010-11-23,1132.0
2010-11-24,1153.6
2010-11-25,1148.0
2010-11-26,1141.5
2010-11-29,1161.5
2010-11-30,1155.0
2010-12-01,1157.4
2010-12-02,1146.8
2010-12-03,1145.1
2010-12-06,1134.5
2010-12-07,1136.1
2010-12-08,1137.6
2010-12-09,1138.8
2010-12-10,1139.4
2010-12-13,1141.5
2010-12-14,1142.8
2010-12-15,1148.2
2010-12-16,1157.0
2010-12-17,1151.8
2010-12-20,1167.1
2010-12-21,1156.3
2010-12-22,1155.5
2010-12-23,1152.9
2010-12-24,1154.2
2010-12-27,1150.9
2010-12-28,1147.3
2010-12-29,1147.7
2010-12-30,1140.6
2010-12-31,1134.8
2011-01-03,1128.0
2011-01-04,1123.2
2011-01-05,1124.1
2011-01-06,1123.7
2011-01-07,1123.9
2011-01-10,1121.7
2011-01-11,1128.3
2011-01-12,1121.9
2011-01-13,1112.3
2011-01-14,1114.4
2011-01-17,1112.3
2011-01-18,1117.2
2011-01-19,1113.2
2011-01-20,1116.6
2011-01-21,1122.2
2011-01-24,1118.5
2011-01-25,1117.2
2011-01-26,1119.4
2011-01-27,1114.4
2011-01-28,1113.8
2011-01-31,1123.9
2011-02-01,1117.6
2011-02-07,1107.3
2011-02-08,1104.9
2011-02-09,1103.6
2011-02-10,1111.9
2011-02-11,1116.0
2011-02-14,1123.3
2011-02-15,1124.8
2011-02-16,1121.4
2011-02-17,1115.8
2011-02-18,1114.0
2011-02-21,1114.3
2011-02-22,1124.5
2011-02-23,1125.3
2011-02-24,1125.4
2011-02-25,1128.6
2011-02-28,1129.4
2011-03-02,1127.9
2011-03-03,1123.6
2011-03-04,1117.2
2011-03-07,1116.3
2011-03-08,1118.4
2011-03-09,1114.1
2011-03-10,1113.9
2011-03-11,1124.3
2011-03-14,1125.8
2011-03-15,1126.5
2011-03-16,1132.0
2011-03-17,1138.2
2011-03-18,1130.7
2011-03-21,1127.9
2011-03-22,1122.5
2011-03-23,1124.9
2011-03-24,1123.4
2011-03-25,1115.8
2011-03-28,1114.3
2011-03-29,1115.1
2011-03-30,1108.8
2011-03-31,1101.9
2011-04-01,1097.2
2011-04-04,1086.7
2011-04-05,1089.0
2011-04-06,1085.6
2011-04-07,1088.1
2011-04-08,1087.2
2011-04-11,1084.2
2011-04-12,1090.8
2011-04-13,1092.7
2011-04-14,1089.6
2011-04-15,1086.2
2011-04-18,1090.4
2011-04-19,1092.2
2011-04-20,1083.6
2011-04-21,1080.6
2011-04-22,1081.7
2011-04-25,1080.8
2011-04-26,1086.2
2011-04-27,1081.2
2011-04-28,1071.9
2011-04-29,1073.9
2011-05-02,1066.9
2011-05-03,1068.7
2011-05-04,1073.8
2011-05-06,1086.3
2011-05-09,1080.5
2011-05-11,1074.5
2011-05-12,1081.2
2011-05-13,1086.7
2011-05-16,1094.6
2011-05-17,1092.7
2011-05-18,1086.5
2011-05-19,1086.6
2011-05-20,1083.3
2011-05-23,1088.7
2011-05-24,1094.4
2011-05-25,1093.7
2011-05-26,1090.7
2011-05-27,1083.1
2011-05-30,1081.0
2011-05-31,1076.6
2011-06-01,1078.1
2011-06-02,1079.7
2011-06-03,1076.0
2011-06-07,1079.7
2011-06-08,1080.1
2011-06-09,1082.9
2011-06-10,1080.0
2011-06-13,1085.4
2011-06-14,1085.4
2011-06-15,1081.3
2011-06-16,1087.0
2011-06-17,1085.9
2011-06-20,1082.0
2011-06-21,1082.8
2011-06-22,1074.5
2011-06-23,1076.4
2011-06-24,1077.6
2011-06-27,1086.9
2011-06-28,1080.8
2011-06-29,1077.9
2011-06-30,1071.9
2011-07-01,1068.1
2011-07-04,1064.1
2011-07-05,1064.9
2011-07-06,1065.3
2011-07-07,1064.9
2011-07-08,1059.5
2011-07-11,1061.4
2011-07-12,1067.0
2011-07-13,1064.2
2011-07-14,1055.3
2011-07-15,1056.8
2011-07-18,1062.1
2011-07-19,1059.5
2011-07-20,1055.2
2011-07-21,1055.5
2011-07-22,1051.8
2011-07-25,1053.8
2011-07-26,1054.1
2011-07-27,1050.7
2011-07-28,1052.6
2011-07-29,1053.2
2011-08-01,1049.3
2011-08-02,1050.9
2011-08-03,1057.9
2011-08-04,1056.5
2011-08-05,1069.6
2011-08-08,1068.7
2011-08-09,1091.4
2011-08-10,1080.7
2011-08-11,1088.6
2011-08-12,1075.7
2011-08-16,1069.8
2011-08-17,1072.9
2011-08-18,1071.8
2011-08-19,1082.0
2011-08-22,1083.2
2011-08-23,1082.7
2011-08-24,1077.7
2011-08-25,1083.7
2011-08-26,1083.9
2011-08-29,1078.7
2011-08-30,1072.0
2011-08-31,1073.3
2011-09-01,1064.2
2011-09-02,1062.1
2011-09-05,1069.3
2011-09-06,1069.3
2011-09-07,1071.5
2011-09-08,1070.7
2011-09-09,1075.3
2011-09-14,1093.2
2011-09-15,1101.2
2011-09-16,1113.2
2011-09-19,1115.4
2011-09-20,1145.8
2011-09-21,1146.2
2011-09-22,1178.2
2011-09-23,1190.5
2011-09-26,1188.5
2011-09-28,1173.2
2011-09-29,1181.2
2011-09-30,1178.8
2011-10-04,1206.9
2011-10-05,1192.5
2011-10-06,1184.4
2011-10-07,1183.5
2011-10-10,1172.0
2011-10-11,1162.6
2011-10-12,1175.2
2011-10-13,1157.7
2011-10-14,1164.0
2011-10-17,1148.0
2011-10-18,1148.6
2011-10-19,1142.1
2011-10-20,1135.2
2011-10-21,1149.0
2011-10-24,1140.0
2011-10-25,1129.9
2011-10-26,1130.8
2011-10-27,1130.2
2011-10-28,1103.3
2011-10-31,1100.2
2011-11-01,1113.4
2011-11-02,1128.5
2011-11-03,1132.8
2011-11-04,1114.6
2011-11-07,1113.1
2011-11-08,1115.2
2011-11-09,1112.7
2011-11-10,1134.6
2011-11-11,1130.3
2011-11-14,1120.5
2011-11-15,1125.0
2011-11-16,1131.4
2011-11-17,1143.0
2011-11-18,1138.2
2011-11-21,1140.8
2011-11-22,1143.6
2011-11-23,1146.0
2011-11-24,1157.7
2011-11-25,1158.2
2011-11-28,1157.1
2011-11-29,1153.6
2011-11-30,1139.5
2011-12-01,1127.2
2011-12-02,1126.0
2011-12-05,1128.8
2011-12-06,1130.7
2011-12-07,1127.1
2011-12-08,1131.2
2011-12-09,1139.1
2011-12-12,1144.1
2011-12-13,1157.0
2011-12-14,1159.8
2011-12-15,1160.5
2011-12-16,1154.1
2011-12-19,1162.8
2011-12-20,1170.5
2011-12-21,1156.5
2011-12-22,1153.5
2011-12-23,1150.3
2011-12-26,1146.9
2011-12-27,1153.0
2011-12-28,1158.7
2011-12-29,1156.7
2011-12-30,1153.3
2012-01-02,1154.1
2012-01-03,1152.2
2012-01-04,1147.2
2012-01-05,1149.0
2012-01-06,1156.0
2012-01-09,1164.6
2012-01-10,1157.1
2012-01-11,1159.4
2012-01-12,1158.7
2012-01-13,1151.7
2012-01-16,1154.9
2012-01-17,1146.9
2012-01-18,1144.6
2012-01-19,1135.9
2012-01-20,1134.2
2012-01-25,1126.5
2012-01-26,1121.3
2012-01-27,1125.5
2012-01-30,1124.1
2012-01-31,1127.3
2012-02-01,1127.0
2012-02-02,1118.1
2012-02-03,1120.0
2012-02-06,1118.3
2012-02-07,1121.7
2012-02-08,1117.5
2012-02-09,1120.3
2012-02-10,1118.4
2012-02-13,1125.8
2012-02-14,1121.6
2012-02-15,1124.8
2012-02-16,1125.9
2012-02-17,1124.2
2012-02-20,1121.2
2012-02-21,1124.4
2012-02-22,1126.7
2012-02-23,1129.5
2012-02-24,1124.7
2012-02-27,1128.7
2012-02-28,1128.3
2012-02-29,1121.6
2012-03-02,1113.7
2012-03-05,1118.4
2012-03-06,1117.0
2012-03-07,1127.6
2012-03-08,1121.5
2012-03-09,1116.2
2012-03-12,1120.9
2012-03-13,1122.4
2012-03-14,1122.3
2012-03-15,1130.3
2012-03-16,1125.2
2012-03-19,1122.5
2012-03-20,1120.9
2012-03-21,1126.3
2012-03-22,1130.4
2012-03-23,1134.0
2012-03-26,1136.4
2012-03-27,1137.0
2012-03-28,1137.1
2012-03-29,1137.9
2012-03-30,1135.4
2012-04-02,1128.5
2012-04-03,1124.0
2012-04-04,1126.3
2012-04-05,1130.0
2012-04-06,1131.6
2012-04-09,1138.4
2012-04-10,1137.0
2012-04-12,1143.8
2012-04-13,1132.4
2012-04-16,1136.8
2012-04-17,1137.5
2012-04-18,1134.9
2012-04-19,1140.8
2012-04-20,1140.7
2012-04-23,1139.5
2012-04-24,1141.2
2012-04-25,1139.4
2012-04-26,1138.8
2012-04-27,1134.2
2012-04-30,1132.6
2012-05-02,1128.6
2012-05-03,1130.0
2012-05-04,1131.8
2012-05-07,1138.8
2012-05-08,1135.8
2012-05-09,1139.5
2012-05-10,1144.0
2012-05-11,1143.8
2012-05-14,1147.9
2012-05-15,1154.0
2012-05-16,1159.4
2012-05-17,1162.8
2012-05-18,1173.4
2012-05-21,1166.3
2012-05-22,1163.8
2012-05-23,1172.3
2012-05-24,1176.7
2012-05-25,1178.1
2012-05-29,1179.6
2012-05-30,1178.9
2012-05-31,1182.4
2012-06-01,1182.1
2012-06-04,1182.2
2012-06-05,1176.9
2012-06-07,1171.4
2012-06-08,1171.6
2012-06-11,1166.6
2012-06-12,1172.0
2012-06-13,1169.3
2012-06-14,1167.3
2012-06-15,1164.3
2012-06-18,1158.3
2012-06-19,1159.0
2012-06-20,1154.2
2012-06-21,1148.2
2012-06-22,1157.9
2012-06-25,1160.6
2012-06-26,1160.5
2012-06-27,1158.2
2012-06-28,1153.5
2012-06-29,1155.5
2012-07-02,1143.5
2012-07-03,1144.1
2012-07-04,1135.4
2012-07-05,1137.0
2012-07-06,1138.3
2012-07-09,1142.5
2012-07-10,1143.8
2012-07-11,1145.0
2012-07-12,1141.9
2012-07-13,1154.7
2012-07-16,1148.4
2012-07-17,1144.1
2012-07-18,1139.0
2012-07-19,1137.8
2012-07-20,1140.3
2012-07-23,1147.0
2012-07-24,1149.2
2012-07-25,1152.4
2012-07-26,1148.3
2012-07-27,1141.6
2012-07-30,1134.4
2012-07-31,1135.4
2012-08-01,1130.0
2012-08-02,1131.3
2012-08-03,1137.2
2012-08-06,1125.3
2012-08-07,1126.9
2012-08-08,1129.2
2012-08-09,1128.9
2012-08-10,1126.3
2012-08-13,1131.9
2012-08-14,1130.1
2012-08-16,1132.2
2012-08-17,1132.1
2012-08-20,1134.5
2012-08-21,1133.3
2012-08-22,1132.6
2012-08-23,1131.8
2012-08-24,1134.3
2012-08-27,1136.1
2012-08-28,1136.3
2012-08-29,1134.3
2012-08-30,1135.0
2012-08-31,1135.4
2012-09-03,1133.8
2012-09-04,1132.0
2012-09-05,1134.8
2012-09-06,1135.9
2012-09-07,1130.3
2012-09-10,1128.4
2012-09-11,1129.9
2012-09-12,1127.0
2012-09-13,1127.4
2012-09-14,1123.0
2012-09-17,1116.1
2012-09-18,1117.4
2012-09-19,1118.6
2012-09-20,1116.3
2012-09-21,1119.2
2012-09-24,1119.4
2012-09-25,1118.9
2012-09-26,1120.4
2012-09-27,1119.1
2012-09-28,1115.1
2012-10-02,1113.6
2012-10-04,1113.3
2012-10-05,1110.7
2012-10-08,1110.6
2012-10-09,1111.0
2012-10-10,1113.8
2012-10-11,1116.6
2012-10-12,1112.5
2012-10-15,1113.4
2012-10-16,1107.7
2012-10-17,1104.2
2012-10-18,1105.1
2012-10-19,1105.8
2012-10-22,1106.0
2012-10-23,1101.5
2012-10-24,1104.5
2012-10-25,1101.8
2012-10-26,1097.3
2012-10-29,1096.0
2012-10-30,1096.6
2012-10-31,1090.9
2012-11-01,1090.5
2012-11-02,1091.4
2012-11-05,1091.9
2012-11-06,1091.7
2012-11-07,1090.3
2012-11-08,1087.3
2012-11-09,1092.4
2012-11-12,1089.7
2012-11-13,1090.0
2012-11-14,1088.2
2012-11-15,1086.8
2012-11-16,1087.4
2012-11-19,1088.1
2012-11-20,1085.5
2012-11-21,1082.4
2012-11-22,1080.9
2012-11-23,1085.6
2012-11-26,1084.8
2012-11-27,1084.2
2012-11-28,1085.3
2012-11-29,1085.2
2012-11-30,1083.6
2012-12-03,1083.7
2012-12-04,1083.9
2012-12-05,1083.6
2012-12-06,1082.7
2012-12-07,1083.4
2012-12-10,1079.6
2012-12-11,1077.6
2012-12-12,1074.5
2012-12-13,1071.4
2012-12-14,1073.9
2012-12-17,1072.8
2012-12-18,1071.7
2012-12-20,1073.0
2012-12-21,1074.6
2012-12-24,1075.7
2012-12-26,1073.6
2012-12-27,1073.9
2012-12-28,1071.3
2012-12-31,1071.1
2013-01-02,1066.0
2013-01-03,1064.3
2013-01-04,1064.3
2013-01-07,1061.1
2013-01-08,1063.5
2013-01-09,1062.7
2013-01-10,1061.6
2013-01-11,1057.3
2013-01-14,1055.8
2013-01-15,1055.0
2013-01-16,1057.2
2013-01-17,1057.9
2013-01-18,1056.2
2013-01-21,1058.6
2013-01-22,1063.5
2013-01-23,1065.4
2013-01-24,1069.4
2013-01-25,1069.5
2013-01-29,1088.8
2013-01-30,1081.1
2013-01-31,1087.3
2013-02-01,1088.4
2013-02-04,1093.3
2013-02-05,1086.9
2013-02-06,1086.9
2013-02-07,1089.2
2013-02-08,1091.4
2013-02-12,1097.7
2013-02-13,1086.8
2013-02-14,1084.9
2013-02-15,1080.3
2013-02-18,1080.3
2013-02-19,1081.8
2013-02-20,1078.5
2013-02-21,1081.6
2013-02-22,1088.5
2013-02-25,1086.5
2013-02-26,1088.3
2013-02-27,1085.5
2013-02-28,1081.6
2013-03-04,1088.8
2013-03-05,1088.9
2013-03-06,1084.4
2013-03-07,1086.1
2013-03-08,1089.3
2013-03-11,1101.4
2013-03-12,1095.7
2013-03-13,1096.3
2013-03-14,1102.8
2013-03-15,1108.0
2013-03-18,1113.7
2013-03-19,1108.4
2013-03-20,1117.1
2013-03-21,1114.8
2013-03-22,1116.7
2013-03-25,1114.3
2013-03-26,1109.1
2013-03-27,1109.1
2013-03-28,1109.5
2013-03-29,1111.9
2013-04-01,1115.8
2013-04-02,1112.8
2013-04-03,1122.4
2013-04-04,1121.0
2013-04-05,1126.1
2013-04-08,1137.2
2013-04-09,1141.9
2013-04-10,1138.7
2013-04-11,1127.7
2013-04-12,1130.8
2013-04-15,1129.4
2013-04-16,1123.9
2013-04-17,1113.9
2013-04-18,1121.7
2013-04-19,1119.6
2013-04-22,1122.1
2013-04-23,1118.5
2013-04-24,1119.8
2013-04-25,1114.6
2013-04-26,1108.4
2013-04-29,1109.1
2013-04-30,1103.4
2013-05-02,1098.4
2013-05-03,1100.8
2013-05-06,1094.7
2013-05-07,1095.6
2013-05-08,1086.9
2013-05-09,1085.8
2013-05-10,1100.9
2013-05-13,1115.1
2013-05-14,1109.1
2013-05-15,1112.9
2013-05-16,1114.0
2013-05-20,1119.2
2013-05-21,1114.8
2013-05-22,1112.4
2013-05-23,1122.8
2013-05-24,1127.6
2013-05-27,1128.7
2013-05-28,1123.5
2013-05-29,1132.3
2013-05-30,1128.5
2013-05-31,1123.9
2013-06-03,1128.9
2013-06-04,1120.4
2013-06-05,1124.8
2013-06-07,1110.7
2013-06-10,1119.5
2013-06-11,1130.0
2013-06-12,1129.5
2013-06-13,1132.2
2013-06-14,1127.2
2013-06-17,1128.1
2013-06-18,1128.7
2013-06-19,1134.9
2013-06-20,1142.4
2013-06-21,1158.8
2013-06-24,1156.0
2013-06-25,1156.8
2013-06-26,1154.8
2013-06-27,1151.2
2013-06-28,1144.7
2013-07-01,1142.0
2013-07-02,1130.6
2013-07-03,1138.7
2013-07-04,1140.5
2013-07-05,1140.5
2013-07-08,1149.2
2013-07-09,1147.3
2013-07-10,1142.5
2013-07-11,1126.0
2013-07-12,1123.7
2013-07-15,1124.7
2013-07-16,1118.7
2013-07-17,1116.6
2013-07-18,1118.1
2013-07-19,1125.7
2013-07-22,1118.4
2013-07-23,1116.7
2013-07-24,1113.3
2013-07-25,1118.2
2013-07-26,1112.7
2013-07-29,1109.5
2013-07-30,1112.6
2013-07-31,1116.4
2013-08-01,1121.7
2013-08-02,1125.5
2013-08-05,1118.0
2013-08-06,1114.1
2013-08-07,1116.2
2013-08-08,1113.5
2013-08-09,1111.0
2013-08-12,1111.5
2013-08-13,1117.5
2013-08-14,1118.7
2013-08-16,1117.0
2013-08-19,1113.0
2013-08-20,1120.5
2013-08-21,1117.5
2013-08-22,1125.6
2013-08-23,1118.8
2013-08-26,1112.7
2013-08-27,1114.5
2013-08-28,1118.3
2013-08-29,1113.0
2013-08-30,1109.6
2013-09-02,1106.8
2013-09-03,1095.9
2013-09-04,1100.7
2013-09-05,1092.5
2013-09-06,1096.4
2013-09-09,1088.0
2013-09-10,1083.3
2013-09-11,1084.3
2013-09-12,1082.7
2013-09-13,1083.3
2013-09-16,1081.7
2013-09-17,1084.8
2013-09-23,1076.6
2013-09-24,1075.9
2013-09-25,1076.4
2013-09-26,1074.1
2013-09-27,1076.8
2013-09-30,1076.4
2013-10-01,1075.6
2013-10-02,1074.8
2013-10-04,1071.4
2013-10-07,1070.5
2013-10-08,1072.8
2013-10-10,1076.1
2013-10-11,1069.5
2013-10-14,1071.9
2013-10-15,1069.1
2013-10-16,1067.5
2013-10-17,1065.1
2013-10-18,1062.1
2013-10-21,1061.8
2013-10-22,1062.9
2013-10-23,1056.4
2013-10-24,1055.2
2013-10-25,1063.1
2013-10-28,1061.8
2013-10-29,1061.4
2013-10-30,1062.5
2013-10-31,1060.0
2013-11-01,1064.0
2013-11-04,1061.6
2013-11-05,1061.9
2013-11-06,1062.2
2013-11-07,1060.2
2013-11-08,1063.4
2013-11-11,1066.6
2013-11-12,1070.2
2013-11-13,1072.4
2013-11-14,1066.6
2013-11-15,1067.3
2013-11-18,1061.4
2013-11-19,1056.0
2013-11-20,1055.7
2013-11-21,1060.6
2013-11-22,1062.3
2013-11-25,1058.6
2013-11-26,1059.5
2013-11-27,1060.2
2013-11-28,1063.2
2013-11-29,1059.4
2013-12-02,1058.1
2013-12-03,1060.5
2013-12-04,1061.7
2013-12-05,1061.1
2013-12-06,1058.1
2013-12-09,1052.7
2013-12-10,1052.4
2013-12-11,1051.3
2013-12-12,1053.2
2013-12-13,1052.8
2013-12-16,1053.8
2013-12-17,1051.6
2013-12-18,1052.2
2013-12-19,1053.9
2013-12-20,1062.7
2013-12-23,1061.8
2013-12-24,1060.9
2013-12-26,1060.1
2013-12-27,1057.9
2013-12-30,1055.5
2013-12-31,1055.3
2014-01-02,1050.8
2014-01-03,1052.1
2014-01-06,1057.3
2014-01-07,1064.7
2014-01-08,1067.2
2014-01-09,1066.5
2014-01-10,1064.3
2014-01-13,1056.3
2014-01-14,1057.2
2014-01-15,1061.8
2014-01-16,1064.7
2014-01-17,1060.9
2014-01-20,1065.0
2014-01-21,1064.0
2014-01-22,1069.3
2014-01-23,1072.3
2014-01-24,1076.9
2014-01-27,1086.8
2014-01-28,1078.1
2014-01-29,1071.2
2014-02-03,1079.4
2014-02-04,1089.0
2014-02-05,1077.0
2014-02-06,1075.4
2014-02-07,1074.1
2014-02-10,1072.4
2014-02-11,1072.2
2014-02-12,1066.4
2014-02-13,1062.2
2014-02-14,1061.0
2014-02-17,1059.1
2014-02-18,1062.3
2014-02-19,1067.1
2014-02-20,1071.7
2014-02-21,1072.0
2014-02-24,1077.4
2014-02-25,1070.7
2014-02-26,1073.7
2014-02-27,1070.1
2014-02-28,1064.4
2014-03-03,1074.3
2014-03-04,1070.4
2014-03-05,1068.4
2014-03-06,1071.3
2014-03-07,1062.5
2014-03-10,1064.2
2014-03-11,1066.1
2014-03-12,1068.6
2014-03-13,1068.0
2014-03-14,1072.7
2014-03-17,1072.7
2014-03-18,1066.3
2014-03-19,1069.3
2014-03-20,1074.8
2014-03-21,1079.6
2014-03-24,1079.7
2014-03-25,1077.5
2014-03-26,1074.8
2014-03-27,1074.3
2014-03-28,1068.8
2014-03-31,1066.6
2014-04-01,1061.2
2014-04-02,1057.1
2014-04-03,1058.4
2014-04-04,1057.2
2014-04-07,1052.9
2014-04-08,1054.2
2014-04-09,1046.3
2014-04-10,1034.0
2014-04-11,1041.7
2014-04-14,1040.3
2014-04-15,1039.6
2014-04-16,1043.6
2014-04-17,1034.8
2014-04-18,1037.2
2014-04-21,1037.6
2014-04-22,1038.5
2014-04-23,1039.4
2014-04-24,1039.2
2014-04-25,1038.0
2014-04-28,1037.6
2014-04-29,1032.1
2014-04-30,1031.4
2014-05-02,1031.1
2014-05-07,1026.8
2014-05-08,1024.5
2014-05-09,1023.5
2014-05-12,1025.4
2014-05-13,1022.7
2014-05-14,1022.3
2014-05-15,1027.1
2014-05-16,1026.8
2014-05-19,1023.4
2014-05-20,1022.4
2014-05-21,1025.4
2014-05-22,1025.8
2014-05-23,1024.7
2014-05-26,1024.4
2014-05-27,1023.7
2014-05-28,1023.7
2014-05-29,1021.9
2014-05-30,1020.3
2014-06-02,1022.2
2014-06-03,1024.9
2014-06-05,1025.0
2014-06-09,1017.5
2014-06-10,1015.8
2014-06-11,1016.6
2014-06-12,1017.4
2014-06-13,1018.3
2014-06-16,1018.9
2014-06-17,1021.8
2014-06-18,1022.9
2014-06-19,1017.8
2014-06-20,1020.4
2014-06-23,1019.5
2014-06-24,1017.6
2014-06-25,1020.7
2014-06-26,1017.9
2014-06-27,1016.0
2014-06-30,1013.7
2014-07-01,1012.1
2014-07-02,1010.3
2014-07-03,1009.8
2014-07-04,1009.1
2014-07-07,1009.6
2014-07-08,1010.9
2014-07-09,1012.3
2014-07-10,1010.9
2014-07-11,1015.8
2014-07-14,1018.5
2014-07-15,1019.5
2014-07-16,1033.2
2014-07-17,1027.1
2014-07-18,1031.5
2014-07-21,1027.4
2014-07-22,1025.8
2014-07-23,1023.0
2014-07-24,1025.2
2014-07-25,1032.1
2014-07-28,1024.8
2014-07-29,1024.1
2014-07-30,1025.9
2014-07-31,1025.6
2014-08-01,1031.1
2014-08-04,1030.6
2014-08-05,1031.9
2014-08-06,1034.4
2014-08-07,1031.4
2014-08-08,1036.5
2014-08-11,1029.7
2014-08-12,1029.2
2014-08-13,1027.3
2014-08-14,1029.4
2014-08-18,1017.7
2014-08-19,1019.2
2014-08-20,1019.6
2014-08-21,1024.2
2014-08-22,1020.8
2014-08-25,1021.3
2014-08-26,1018.7
2014-08-27,1015.2
2014-08-28,1013.7
2014-08-29,1016.0
2014-09-01,1015.4
2014-09-02,1012.7
2014-09-03,1017.3
2014-09-04,1018.1
2014-09-05,1024.8
2014-09-11,1032.7
2014-09-12,1037.4
2014-09-15,1040.0
2014-09-16,1036.0
2014-09-17,1033.9
2014-09-18,1040.7
2014-09-19,1042.5
2014-09-22,1040.6
2014-09-23,1043.4
2014-09-24,1040.6
2014-09-25,1043.0
2014-09-26,1041.9
2014-09-29,1048.6
2014-09-30,1055.2
2014-10-01,1058.4
2014-10-02,1063.2
2014-10-06,1069.7
2014-10-07,1063.2
2014-10-08,1070.0
2014-10-10,1069.5
2014-10-13,1071.3
2014-10-14,1064.1
2014-10-15,1067.3
2014-10-16,1059.4
2014-10-17,1061.0
2014-10-20,1061.0
2014-10-21,1054.8
2014-10-22,1054.6
2014-10-23,1054.5
2014-10-24,1060.8
2014-10-27,1053.1
2014-10-28,1051.4
2014-10-29,1046.3
2014-10-30,1054.7
2014-10-31,1053.9
2014-11-03,1075.1
2014-11-04,1081.3
2014-11-05,1079.3
2014-11-06,1086.7
2014-11-07,1091.2
2014-11-10,1085.2
2014-11-11,1090.1
2014-11-12,1096.7
2014-11-13,1097.8
2014-11-14,1100.0
2014-11-17,1100.3
2014-11-18,1099.9
2014-11-19,1102.5
2014-11-20,1109.8
2014-11-21,1109.7
2014-11-24,1109.3
2014-11-25,1115.0
2014-11-26,1107.4
2014-11-27,1102.5
2014-11-28,1104.1
2014-12-01,1119.1
2014-12-02,1106.3
2014-12-03,1115.7
2014-12-04,1115.3
2014-12-05,1112.0
2014-12-08,1120.7
2014-12-09,1114.0
2014-12-10,1104.7
2014-12-11,1096.3
2014-12-12,1104.7
2014-12-15,1101.5
2014-12-16,1096.4
2014-12-17,1084.3
2014-12-18,1103.8
2014-12-19,1100.0
2014-12-22,1099.0
2014-12-23,1097.8
2014-12-24,1104.7
2014-12-26,1101.7
2014-12-29,1097.9
2014-12-30,1100.0
2014-12-31,1099.2
2015-01-02,1099.2
2015-01-05,1106.5
2015-01-06,1108.1
2015-01-07,1094.3
2015-01-08,1097.4
2015-01-09,1095.2
2015-01-12,1080.8
2015-01-13,1085.2
2015-01-14,1076.7
2015-01-15,1084.7
2015-01-16,1075.4
2015-01-19,1083.1
2015-01-20,1080.7
2015-01-21,1090.4
2015-01-22,1086.2
2015-01-23,1086.0
2015-01-26,1077.0
2015-01-27,1084.0
2015-01-28,1078.9
2015-01-29,1086.3
2015-01-30,1098.1
2015-02-02,1100.2
2015-02-03,1098.3
2015-02-04,1092.7
2015-02-05,1088.5
2015-02-06,1086.6
2015-02-09,1098.0
2015-02-10,1093.8
2015-02-11,1096.7
2015-02-12,1105.1
2015-02-13,1100.8
2015-02-16,1095.6
2015-02-17,1101.1
2015-02-23,1110.2
2015-02-24,1107.4
2015-02-25,1104.0
2015-02-26,1098.4
2015-02-27,1099.0
2015-03-02,1104.8
2015-03-03,1103.3
2015-03-04,1097.6
2015-03-05,1100.1
2015-03-06,1102.5
2015-03-09,1108.0
2015-03-10,1116.8
2015-03-11,1123.7
2015-03-12,1132.2
2015-03-13,1124.2
2015-03-16,1135.5
2015-03-17,1129.4
2015-03-18,1126.3
2015-03-19,1111.4
2015-03-20,1122.7
2015-03-23,1114.7
2015-03-24,1108.3
2015-03-25,1105.8
2015-03-26,1101.4
2015-03-27,1105.5
2015-03-30,1103.9
2015-03-31,1107.6
2015-04-01,1107.3
2015-04-02,1099.2
2015-04-03,1094.5
2015-04-06,1086.7
2015-04-07,1089.0
2015-04-08,1094.6
2015-04-09,1095.8
2015-04-10,1096.0
2015-04-13,1095.6
2015-04-14,1097.4
2015-04-15,1094.0
2015-04-16,1089.0
2015-04-17,1085.0
2015-04-20,1081.3
2015-04-21,1083.6
2015-04-22,1084.4
2015-04-23,1083.1
2015-04-24,1078.6
2015-04-27,1075.0
2015-04-28,1071.1
2015-04-29,1068.7
2015-04-30,1069.9
2015-05-04,1081.6
2015-05-06,1081.9
2015-05-07,1081.2
2015-05-08,1093.1
2015-05-11,1087.3
2015-05-12,1096.8
2015-05-13,1089.8
2015-05-14,1096.8
2015-05-15,1091.7
2015-05-18,1085.7
2015-05-19,1090.7
2015-05-20,1095.4
2015-05-21,1095.3
2015-05-22,1092.4
2015-05-26,1097.3
2015-05-27,1106.1
2015-05-28,1108.0
2015-05-29,1107.9
2015-06-01,1114.3
2015-06-02,1114.1
2015-06-03,1109.7
2015-06-04,1108.3
2015-06-05,1112.9
2015-06-08,1121.3
2015-06-09,1118.9
2015-06-10,1120.1
2015-06-11,1112.8
2015-06-12,1112.9
2015-06-15,1114.0
2015-06-16,1117.1
2015-06-17,1117.9
2015-06-18,1112.1
2015-06-19,1102.7
2015-06-22,1103.2
2015-06-23,1102.6
2015-06-24,1105.8
2015-06-25,1109.3
2015-06-26,1112.9
2015-06-29,1125.3
2015-06-30,1120.3
2015-07-01,1119.2
2015-07-02,1123.1
2015-07-03,1117.4
2015-07-06,1127.0
2015-07-07,1127.4
2015-07-08,1134.8
2015-07-09,1138.0
2015-07-10,1132.8
2015-07-13,1131.2
2015-07-14,1138.4
2015-07-15,1141.7
2015-07-16,1146.5
2015-07-17,1145.8
2015-07-20,1151.3
2015-07-21,1158.3
2015-07-22,1152.9
2015-07-23,1160.2
2015-07-24,1161.8
2015-07-27,1171.9
2015-07-28,1168.6
2015-07-29,1157.6
2015-07-30,1165.7
2015-07-31,1170.5
2015-08-03,1167.3
2015-08-04,1169.7
2015-08-05,1169.4
2015-08-06,1171.4
2015-08-07,1162.3
2015-08-10,1168.2
2015-08-11,1156.9
2015-08-12,1182.3
2015-08-13,1175.1
2015-08-17,1182.5
2015-08-18,1185.8
2015-08-19,1186.4
2015-08-20,1180.5
2015-08-21,1188.4
2015-08-24,1196.8
2015-08-25,1196.0
2015-08-26,1192.5
2015-08-27,1183.9
2015-08-28,1178.2
2015-08-31,1183.5
2015-09-01,1182.1
2015-09-02,1177.3
2015-09-03,1186.8
2015-09-04,1190.3
2015-09-07,1199.8
2015-09-08,1207.4
2015-09-09,1194.1
2015-09-10,1198.4
2015-09-11,1183.9
2015-09-14,1178.4
2015-09-15,1181.0
2015-09-16,1179.4
2015-09-17,1171.0
2015-09-18,1169.3
2015-09-21,1172.7
2015-09-22,1178.8
2015-09-23,1184.0
2015-09-24,1192.3
2015-09-25,1194.6
2015-09-30,1194.7
2015-10-01,1179.7
2015-10-02,1176.8
2015-10-05,1170.8
2015-10-06,1164.9
2015-10-07,1165.5
2015-10-08,1159.7
2015-10-12,1148.9
2015-10-13,1147.3
2015-10-14,1149.1
2015-10-15,1138.1
2015-10-16,1127.3
2015-10-19,1132.3
2015-10-20,1133.0
2015-10-21,1129.6
2015-10-22,1140.0
2015-10-23,1132.8
2015-10-26,1137.5
2015-10-27,1130.0
2015-10-28,1135.2
2015-10-29,1141.9
2015-10-30,1137.5
2015-11-02,1140.8
2015-11-03,1136.1
2015-11-04,1128.9
2015-11-05,1136.5
2015-11-06,1137.4
2015-11-09,1152.9
2015-11-10,1156.5
2015-11-11,1156.0
2015-11-12,1151.6
2015-11-13,1158.7
2015-11-16,1172.3
2015-11-17,1169.2
2015-11-18,1173.0
2015-11-19,1166.4
2015-11-20,1158.7
2015-11-23,1156.4
2015-11-24,1158.4
2015-11-25,1146.0
2015-11-26,1142.2
2015-11-27,1150.3
2015-11-30,1158.4
2015-12-01,1161.2
2015-12-02,1155.3
2015-12-03,1167.3
2015-12-04,1156.1
2015-12-07,1166.8
2015-12-08,1174.7
2015-12-09,1178.8
2015-12-10,1177.5
2015-12-11,1178.2
2015-12-14,1186.5
2015-12-15,1182.6
2015-12-16,1177.4
2015-12-17,1175.7
2015-12-18,1185.7
2015-12-21,1177.6
2015-12-22,1177.0
2015-12-23,1170.5
2015-12-24,1174.4
2015-12-28,1167.2
2015-12-29,1167.3
2015-12-30,1170.0
2015-12-31,1170.0
2016-01-04,1183.6
2016-01-05,1187.3
2016-01-06,1188.8
2016-01-07,1199.9
2016-01-08,1197.0
2016-01-11,1209.8
2016-01-12,1205.7
2016-01-13,1208.6
2016-01-14,1210.6
2016-01-15,1207.5
2016-01-18,1215.2
2016-01-19,1208.8
2016-01-20,1209.9
2016-01-21,1207.6
2016-01-22,1203.7
2016-01-25,1196.3
2016-01-26,1198.9
2016-01-27,1200.5
2016-01-28,1210.3
2016-01-29,1206.0
2016-02-01,1208.7
2016-02-02,1203.2
2016-02-03,1213.8
2016-02-04,1204.5
2016-02-05,1190.6
2016-02-11,1191.6
2016-02-12,1203.5
2016-02-15,1210.0
2016-02-16,1214.2
2016-02-17,1223.3
2016-02-18,1223.1
2016-02-19,1234.4
2016-02-22,1233.7
2016-02-23,1226.3
2016-02-24,1234.5
2016-02-25,1235.1
2016-02-26,1234.5
2016-02-29,1244.2
2016-03-02,1233.2
2016-03-03,1221.4
2016-03-04,1209.5
2016-03-07,1201.2
2016-03-08,1202.5
2016-03-09,1213.1
2016-03-10,1211.3
2016-03-11,1208.7
2016-03-14,1189.8
2016-03-15,1190.7
2016-03-16,1192.4
2016-03-17,1176.6
2016-03-18,1161.3
2016-03-21,1166.9
2016-03-22,1163.7
2016-03-23,1157.1
2016-03-24,1168.1
2016-03-25,1165.9
2016-03-28,1171.5
2016-03-29,1163.8
2016-03-30,1153.4
2016-03-31,1146.0
2016-04-01,1144.1
2016-04-04,1149.7
2016-04-05,1155.4
2016-04-06,1157.0
2016-04-07,1153.3
2016-04-08,1161.8
2016-04-11,1153.8
2016-04-12,1144.1
2016-04-14,1150.1
2016-04-15,1151.3
2016-04-18,1151.8
2016-04-19,1145.1
2016-04-20,1130.2
2016-04-21,1134.9
2016-04-22,1139.3
2016-04-25,1148.8
2016-04-26,1148.9
2016-04-27,1146.2
2016-04-28,1146.7
2016-04-29,1136.2
2016-05-02,1144.9
2016-05-03,1134.8
2016-05-04,1150.6
2016-05-09,1165.8
2016-05-10,1174.6
2016-05-11,1166.2
2016-05-12,1165.9
2016-05-13,1172.1
2016-05-16,1178.1
2016-05-17,1174.8
2016-05-18,1180.6
2016-05-19,1190.7
2016-05-20,1186.7
2016-05-23,1183.5
2016-05-24,1184.2
2016-05-25,1187.7
2016-05-26,1179.1
2016-05-27,1178.2
2016-05-30,1189.3
2016-05-31,1188.5
2016-06-01,1190.7
2016-06-02,1191.2
2016-06-03,1187.8
2016-06-07,1163.9
2016-06-08,1157.8
2016-06-09,1151.9
2016-06-10,1161.6
2016-06-13,1172.4
2016-06-14,1172.3
2016-06-15,1178.1
2016-06-16,1168.6
2016-06-17,1168.5
2016-06-20,1164.7
2016-06-21,1159.0
2016-06-22,1154.8
2016-06-23,1150.6
2016-06-24,1149.0
2016-06-27,1179.5
2016-06-28,1182.8
2016-06-29,1168.3
2016-06-30,1153.4
2016-07-01,1148.5
2016-07-04,1151.3
2016-07-05,1151.0
2016-07-06,1164.4
2016-07-07,1158.5
2016-07-08,1158.3
2016-07-11,1150.5
2016-07-12,1149.0
2016-07-13,1145.7
2016-07-14,1146.7
2016-07-15,1132.7
2016-07-18,1137.3
2016-07-19,1137.9
2016-07-20,1142.8
2016-07-21,1141.5
2016-07-22,1136.8
2016-07-25,1136.8
2016-07-26,1141.7
2016-07-27,1134.2
2016-07-28,1125.5
2016-07-29,1124.2
2016-08-01,1113.6
2016-08-02,1108.4
2016-08-03,1114.3
2016-08-04,1113.5
2016-08-05,1111.0
2016-08-08,1116.2
2016-08-09,1108.0
2016-08-10,1101.2
2016-08-11,1097.2
2016-08-12,1099.0
2016-08-16,1097.6
2016-08-17,1097.7
2016-08-18,1105.7
2016-08-19,1108.0
2016-08-22,1123.1
2016-08-23,1118.3
2016-08-24,1123.9
2016-08-25,1121.4
2016-08-26,1114.7
2016-08-29,1127.3
2016-08-30,1117.8
2016-08-31,1119.4
2016-09-01,1115.4
2016-09-02,1117.6
2016-09-05,1110.1
2016-09-06,1104.3
2016-09-07,1093.5
2016-09-08,1091.9
2016-09-09,1097.7
2016-09-12,1111.6
2016-09-13,1108.2
2016-09-19,1124.2
2016-09-20,1121.0
2016-09-21,1116.0
2016-09-22,1101.2
2016-09-23,1105.3
2016-09-26,1104.5
2016-09-27,1111.8
2016-09-28,1097.2
2016-09-29,1092.6
2016-09-30,1104.5
2016-10-04,1104.6
2016-10-05,1114.7
2016-10-06,1111.4
2016-10-07,1114.6
2016-10-10,1112.9
2016-10-11,1112.6
2016-10-12,1124.0
2016-10-13,1126.5
2016-10-14,1132.7
2016-10-17,1138.2
2016-10-18,1133.3
2016-10-19,1123.9
2016-10-20,1119.6
2016-10-21,1131.8
2016-10-24,1134.8
2016-10-25,1136.2
2016-10-26,1131.1
2016-10-27,1137.9
2016-10-28,1146.1
2016-10-31,1147.7
2016-11-01,1144.5
2016-11-02,1147.0
2016-11-03,1145.1
2016-11-04,1143.7
2016-11-07,1140.4
2016-11-08,1140.6
2016-11-09,1130.7
2016-11-10,1154.5
2016-11-11,1164.2
2016-11-14,1168.6
2016-11-15,1165.9
2016-11-16,1166.8
2016-11-17,1169.8
2016-11-18,1182.6
2016-11-21,1181.7
2016-11-22,1176.4
2016-11-23,1173.9
2016-11-24,1183.2
2016-11-25,1179.5
2016-11-28,1173.0
2016-11-29,1168.3
2016-11-30,1166.5
2016-12-01,1176.5
2016-12-02,1166.3
2016-12-05,1174.7
2016-12-06,1167.2
2016-12-07,1171.3
2016-12-08,1160.0
2016-12-09,1164.7
2016-12-12,1173.9
2016-12-13,1163.7
2016-12-14,1163.3
2016-12-15,1181.8
2016-12-16,1182.6
2016-12-19,1185.8
2016-12-20,1188.6
2016-12-21,1194.4
2016-12-22,1194.5
2016-12-23,1202.8
2016-12-26,1200.6
2016-12-27,1203.5
2016-12-28,1206.8
2016-12-29,1209.1
2016-12-30,1209.1
2017-01-02,1207.3
2017-01-03,1209.7
2017-01-04,1207.0
2017-01-05,1192.8
2017-01-06,1185.7
2017-01-09,1204.2
2017-01-10,1201.1
2017-01-11,1199.6
2017-01-12,1183.7
2017-01-13,1178.6
2017-01-16,1178.3
2017-01-17,1185.4
2017-01-18,1163.8
2017-01-19,1177.9
2017-01-20,1176.3
2017-01-23,1168.1
2017-01-24,1163.0
2017-01-25,1167.3
2017-01-26,1157.4
2017-01-31,1168.9
2017-02-01,1153.4
2017-02-02,1151.7
2017-02-03,1147.0
2017-02-06,1138.1
2017-02-07,1138.0
2017-02-08,1146.3
2017-02-09,1146.2
2017-02-10,1153.4
2017-02-13,1153.5
2017-02-14,1149.0
2017-02-15,1141.8
2017-02-16,1135.5
2017-02-17,1146.7
2017-02-20,1149.7
2017-02-21,1148.9
2017-02-22,1140.2
2017-02-23,1141.3
2017-02-24,1133.1
2017-02-27,1133.6
2017-02-28,1134.3
2017-03-02,1142.3
2017-03-03,1147.7
2017-03-06,1155.0
2017-03-07,1155.1
2017-03-08,1148.8
2017-03-09,1155.6
2017-03-10,1159.8
2017-03-13,1149.4
2017-03-14,1147.5
2017-03-15,1148.1
2017-03-16,1129.9
2017-03-17,1129.8
2017-03-20,1129.1
2017-03-21,1115.7
2017-03-22,1123.4
2017-03-23,1118.8
2017-03-24,1121.5
2017-03-27,1114.0
2017-03-28,1112.9
2017-03-29,1114.9
2017-03-30,1113.2
2017-03-31,1119.5
2017-04-03,1113.4
2017-04-04,1117.9
2017-04-05,1123.9
2017-04-06,1126.7
2017-04-07,1131.0
2017-04-10,1140.4
2017-04-11,1140.9
2017-04-12,1148.6
2017-04-13,1135.0
2017-04-14,1137.4
2017-04-17,1134.4
2017-04-18,1133.8
2017-04-19,1139.4
2017-04-20,1143.2
2017-04-21,1138.7
2017-04-24,1129.3
2017-04-25,1134.3
2017-04-26,1126.5
2017-04-27,1129.5
2017-04-28,1129.0
2017-05-02,1133.9
2017-05-04,1133.0
2017-05-08,1135.3
2017-05-10,1135.6
2017-05-11,1133.4
2017-05-12,1124.8
2017-05-15,1125.9
2017-05-16,1117.0
2017-05-17,1116.9
2017-05-18,1123.3
2017-05-19,1128.5
2017-05-22,1117.2
2017-05-23,1117.6
2017-05-24,1127.2
2017-05-25,1120.4
2017-05-26,1121.1
2017-05-29,1119.7
2017-05-30,1122.8
2017-05-31,1122.6
2017-06-01,1120.5
2017-06-02,1121.6
2017-06-05,1117.6
2017-06-07,1120.5
2017-06-08,1126.6
2017-06-09,1123.4
2017-06-12,1126.0
2017-06-13,1129.1
2017-06-14,1126.9
2017-06-15,1121.0
2017-06-16,1129.0
2017-06-19,1132.7
2017-06-20,1137.3
2017-06-21,1141.8
2017-06-22,1140.3
2017-06-23,1140.3
2017-06-26,1134.5
2017-06-27,1135.2
2017-06-28,1140.3
2017-06-29,1140.0
2017-06-30,1145.9
2017-07-03,1141.8
2017-07-04,1149.0
2017-07-05,1149.8
2017-07-06,1151.6
2017-07-07,1155.4
2017-07-10,1150.5
2017-07-11,1149.5
2017-07-12,1147.4
2017-07-13,1138.6
2017-07-14,1136.6
2017-07-17,1128.0
2017-07-18,1128.4
2017-07-19,1122.4
2017-07-20,1122.8
2017-07-21,1122.0
2017-07-24,1118.7
2017-07-25,1117.1
2017-07-26,1119.4
2017-07-27,1112.9
2017-07-28,1116.4
2017-07-31,1124.5
2017-08-01,1118.7
2017-08-02,1121.5
2017-08-03,1126.9
2017-08-04,1125.4
2017-08-07,1128.3
2017-08-08,1125.9
2017-08-09,1133.4
2017-08-10,1137.9
2017-08-11,1145.2
2017-08-14,1136.8
2017-08-16,1136.1
2017-08-17,1136.1
2017-08-18,1143.5
2017-08-21,1138.1
2017-08-22,1137.2
2017-08-23,1132.7
2017-08-24,1127.2
2017-08-25,1128.9
2017-08-28,1121.3
2017-08-29,1127.9
2017-08-30,1123.9
2017-08-31,1124.3
2017-09-01,1122.9
2017-09-04,1130.7
2017-09-05,1129.7
2017-09-06,1132.5
2017-09-07,1131.4
2017-09-08,1127.3
2017-09-11,1127.3
2017-09-12,1129.1
2017-09-13,1128.7
2017-09-14,1132.5
2017-09-15,1135.6
2017-09-18,1131.0
2017-09-19,1128.4
2017-09-20,1130.6
2017-09-21,1133.3
2017-09-22,1133.2
2017-09-25,1131.4
2017-09-26,1135.6
2017-09-27,1139.1
2017-09-28,1143.9
2017-09-29,1146.1
2017-10-10,1140.0
2017-10-11,1132.2
2017-10-12,1132.3
2017-10-13,1133.1
2017-10-16,1126.9
2017-10-17,1130.0
2017-10-18,1129.6
2017-10-19,1131.7
2017-10-20,1129.2
2017-10-23,1134.7
2017-10-24,1128.8
2017-10-25,1129.8
2017-10-26,1125.2
2017-10-27,1131.0
2017-10-30,1126.3
2017-10-31,1122.4
2017-11-01,1118.3
2017-11-02,1113.3
2017-11-03,1112.3
2017-11-06,1117.0
2017-11-07,1110.9
2017-11-08,1114.6
2017-11-09,1114.1
2017-11-10,1118.0
2017-11-13,1120.8
2017-11-14,1120.1
2017-11-15,1116.5
2017-11-16,1105.2
2017-11-17,1096.4
2017-11-20,1096.5
2017-11-21,1096.9
2017-11-22,1091.5
2017-11-23,1087.1
2017-11-24,1086.6
2017-11-27,1086.9
2017-11-28,1089.8
2017-11-29,1083.6
2017-11-30,1082.0
2017-12-01,1088.3
2017-12-04,1086.2
2017-12-05,1088.0
2017-12-06,1087.7
2017-12-07,1093.5
2017-12-08,1094.8
2017-12-11,1092.7
2017-12-12,1088.7
2017-12-13,1093.9
2017-12-14,1085.8
2017-12-15,1089.1
2017-12-18,1090.5
2017-12-19,1087.2
2017-12-20,1085.9
2017-12-21,1081.7
2017-12-22,1080.4
2017-12-26,1078.2
2017-12-27,1075.1
2017-12-28,1072.3
2017-12-29,1071.4
2018-01-02,1066.9
2018-01-03,1064.8
2018-01-04,1065.8
2018-01-05,1061.4
2018-01-08,1062.5
2018-01-09,1068.2
2018-01-10,1070.6
2018-01-11,1070.9
2018-01-12,1066.0
2018-01-15,1060.4
2018-01-16,1064.3
2018-01-17,1064.7
2018-01-18,1068.5
2018-01-19,1068.5
2018-01-22,1067.6
2018-01-23,1068.6
2018-01-24,1071.7
2018-01-25,1065.3
2018-01-26,1065.7
2018-01-29,1062.4
2018-01-30,1070.6
2018-01-31,1071.4
2018-02-01,1069.6
2018-02-02,1072.5
2018-02-05,1076.7
2018-02-06,1089.8
2018-02-07,1094.3
2018-02-08,1083.3
2018-02-09,1087.8
2018-02-12,1092.7
2018-02-13,1083.4
2018-02-14,1082.8
2018-02-19,1079.9
2018-02-20,1068.0
2018-02-21,1070.3
2018-02-22,1075.3
2018-02-23,1082.9
2018-02-26,1078.5
2018-02-27,1073.7
2018-02-28,1071.0
2018-03-02,1081.9
2018-03-05,1081.3
2018-03-06,1080.5
2018-03-07,1075.4
2018-03-08,1068.7
2018-03-09,1068.4
2018-03-12,1069.2
2018-03-13,1064.3
2018-03-14,1065.8
2018-03-15,1065.8
2018-03-16,1065.8
2018-03-19,1069.6
2018-03-20,1071.2
2018-03-21,1071.0
2018-03-22,1071.4
2018-03-23,1069.2
2018-03-26,1080.8
2018-03-27,1081.2
2018-03-28,1072.2
2018-03-29,1069.4
2018-03-30,1066.5
2018-04-02,1064.4
2018-04-03,1058.1
2018-04-04,1057.8
2018-04-05,1057.6
2018-04-06,1059.5
2018-04-09,1066.0
2018-04-10,1067.5
2018-04-11,1067.7
2018-04-12,1066.4
2018-04-13,1068.7
2018-04-16,1070.0
2018-04-17,1073.1
2018-04-18,1068.4
2018-04-19,1066.5
2018-04-20,1063.5
2018-04-23,1067.3
2018-04-24,1068.9
2018-04-25,1076.9
2018-04-26,1078.7
2018-04-27,1079.7
2018-04-30,1076.2
2018-05-02,1067.5
2018-05-03,1074.9
2018-05-04,1076.5
2018-05-08,1076.7
2018-05-09,1078.2
2018-05-10,1081.3
2018-05-11,1075.3
2018-05-14,1068.6
2018-05-15,1066.6
2018-05-16,1072.6
2018-05-17,1078.7
2018-05-18,1079.3
2018-05-21,1080.0
2018-05-23,1083.8
2018-05-24,1078.8
2018-05-25,1079.7
2018-05-28,1078.7
2018-05-29,1073.2
2018-05-30,1076.1
2018-05-31,1081.3
2018-06-01,1076.4
2018-06-04,1076.0
2018-06-05,1070.9
2018-06-07,1069.6
2018-06-08,1067.9
2018-06-11,1073.2
2018-06-12,1073.5
2018-06-14,1075.1
2018-06-15,1082.5
2018-06-18,1091.4
2018-06-19,1104.4
2018-06-20,1105.5
2018-06-21,1108.0
2018-06-22,1109.0
2018-06-25,1108.9
2018-06-26,1116.1
2018-06-27,1115.2
2018-06-28,1117.9
2018-06-29,1121.7
2018-07-02,1117.2
2018-07-03,1117.4
2018-07-04,1121.1
2018-07-05,1115.3
2018-07-06,1118.4
2018-07-09,1117.8
2018-07-10,1112.3
2018-07-11,1113.8
2018-07-12,1120.8
2018-07-13,1127.8
2018-07-16,1123.4
2018-07-17,1128.7
2018-07-18,1125.2
2018-07-19,1128.9
2018-07-20,1131.2
2018-07-23,1134.8
2018-07-24,1128.5
2018-07-25,1135.2
2018-07-26,1127.5
2018-07-27,1119.6
2018-07-30,1120.0
2018-07-31,1116.7
2018-08-01,1117.9
2018-08-02,1119.3
2018-08-03,1122.6
2018-08-06,1128.1
2018-08-07,1123.5
2018-08-08,1125.7
2018-08-09,1118.8
2018-08-10,1117.9
2018-08-13,1126.3
2018-08-14,1133.7
2018-08-16,1132.1
2018-08-17,1130.7
2018-08-20,1125.6
2018-08-21,1121.7
2018-08-22,1118.2
2018-08-23,1118.7
2018-08-24,1120.8
2018-08-27,1121.8
2018-08-28,1114.3
2018-08-29,1110.0
2018-08-30,1108.8
2018-08-31,1108.8
2018-09-03,1113.3
2018-09-04,1113.5
2018-09-05,1114.2
2018-09-06,1117.6
2018-09-07,1121.2
2018-09-10,1123.1
2018-09-11,1128.1
2018-09-12,1126.8
2018-09-13,1127.3
2018-09-14,1121.2
2018-09-17,1119.2
2018-09-18,1126.2
2018-09-19,1126.3
2018-09-20,1123.0
2018-09-21,1119.9
2018-09-27,1116.6
2018-09-28,1112.7
2018-10-01,1110.2
2018-10-02,1110.9
2018-10-04,1116.4
2018-10-05,1128.3
2018-10-08,1130.7
2018-10-10,1131.7
2018-10-11,1132.5
2018-10-12,1142.5
2018-10-15,1133.3
2018-10-16,1133.4
2018-10-17,1128.1
2018-10-18,1125.0
2018-10-19,1132.6
2018-10-22,1134.3
2018-10-23,1130.9
2018-10-24,1135.8
2018-10-25,1132.2
2018-10-26,1138.5
2018-10-29,1140.6
2018-10-30,1138.6
2018-10-31,1140.6
2018-11-01,1139.2
2018-11-02,1138.8
2018-11-05,1125.5
2018-11-06,1122.7
2018-11-07,1122.5
2018-11-08,1120.9
2018-11-09,1118.4
2018-11-12,1125.7
2018-11-13,1132.0
2018-11-14,1135.7
2018-11-15,1132.4
2018-11-16,1130.3
2018-11-19,1128.7
2018-11-20,1127.4
2018-11-21,1127.5
2018-11-22,1131.3
2018-11-23,1129.0
2018-11-26,1130.5
2018-11-27,1129.9
2018-11-28,1129.7
2018-11-29,1128.9
2018-11-30,1121.8
2018-12-03,1120.3
2018-12-04,1113.7
2018-12-05,1109.8
2018-12-06,1113.6
2018-12-07,1117.8
2018-12-10,1118.2
2018-12-11,1124.7
2018-12-12,1129.4
2018-12-13,1127.6
2018-12-14,1124.0
2018-12-17,1129.2
2018-12-18,1131.6
2018-12-19,1129.9
2018-12-20,1125.1
2018-12-21,1128.9
2018-12-24,1123.9
2018-12-26,1125.2
2018-12-27,1125.6
2018-12-28,1121.3
2018-12-31,1118.1
2019-01-02,1118.1
2019-01-03,1119.0
2019-01-04,1127.5
2019-01-07,1125.2
2019-01-08,1118.0
2019-01-09,1121.7
2019-01-10,1121.6
2019-01-11,1118.9
2019-01-14,1117.6
2019-01-15,1121.4
2019-01-16,1120.1
2019-01-17,1122.0
2019-01-18,1121.4
2019-01-21,1121.3
2019-01-22,1126.5
2019-01-23,1130.2
2019-01-24,1128.2
2019-01-25,1128.0
2019-01-28,1125.1
2019-01-29,1116.9
2019-01-30,1118.1
2019-01-31,1117.2
2019-02-01,1111.6
2019-02-07,1116.8
2019-02-08,1123.4
2019-02-11,1124.5
2019-02-12,1124.5
2019-02-13,1124.6
2019-02-14,1121.7
2019-02-15,1125.0
2019-02-18,1127.7
2019-02-19,1124.7
2019-02-20,1127.5
2019-02-21,1122.6
2019-02-22,1124.4
2019-02-25,1125.7
2019-02-26,1120.8
2019-02-27,1118.3
2019-02-28,1117.8
2019-03-04,1119.9
2019-03-05,1125.0
2019-03-06,1125.8
2019-03-07,1127.8
2019-03-08,1128.3
2019-03-11,1134.0
2019-03-12,1134.5
2019-03-13,1128.7
2019-03-14,1131.5
2019-03-15,1132.7
2019-03-18,1136.1
2019-03-19,1133.7
2019-03-20,1130.9
2019-03-21,1130.4
2019-03-22,1125.8
2019-03-25,1129.8
2019-03-26,1134.9
2019-03-27,1132.1
2019-03-28,1134.7
2019-03-29,1137.8
2019-04-01,1136.1
2019-04-02,1132.7
2019-04-03,1135.8
2019-04-04,1134.9
2019-04-05,1135.5
2019-04-08,1136.4
2019-04-09,1141.4
2019-04-10,1142.8
2019-04-11,1141.2
2019-04-12,1139.2
2019-04-15,1140.5
2019-04-16,1133.9
2019-04-17,1135.7
2019-04-18,1136.1
2019-04-19,1136.2
2019-04-22,1137.1
2019-04-23,1140.8
2019-04-24,1141.1
2019-04-25,1146.9
2019-04-26,1158.7
2019-04-29,1159.7
2019-04-30,1158.2
2019-05-02,1163.8
2019-05-03,1163.9
2019-05-07,1169.4
2019-05-08,1169.8
2019-05-09,1169.9
2019-05-10,1175.8
2019-05-13,1178.1
2019-05-14,1183.1
2019-05-15,1187.0
2019-05-16,1189.4
2019-05-17,1189.8
2019-05-20,1192.7
2019-05-21,1192.9
2019-05-22,1193.3
2019-05-23,1194.6
2019-05-24,1191.2
2019-05-27,1189.6
2019-05-28,1184.1
2019-05-29,1187.6
2019-05-30,1193.1
2019-05-31,1190.0
2019-06-03,1191.2
2019-06-04,1183.0
2019-06-05,1181.5
2019-06-07,1179.8
2019-06-10,1179.5
2019-06-11,1184.0
2019-06-12,1181.7
2019-06-13,1181.7
2019-06-14,1184.7
2019-06-17,1184.0
2019-06-18,1186.3
2019-06-19,1185.0
2019-06-20,1177.0
2019-06-21,1167.7
2019-06-24,1162.0
2019-06-25,1157.9
2019-06-26,1154.7
2019-06-27,1158.2
2019-06-28,1156.8
2019-07-01,1156.4
2019-07-02,1155.4
2019-07-03,1164.8
2019-07-04,1170.4
2019-07-05,1169.2
2019-07-08,1170.4
2019-07-09,1178.5
2019-07-10,1179.9
2019-07-11,1181.4
2019-07-12,1173.8
2019-07-15,1177.3
2019-07-16,1179.2
2019-07-17,1178.5
2019-07-18,1180.4
2019-07-19,1179.5
2019-07-22,1173.4
2019-07-23,1177.6
2019-07-24,1178.4
2019-07-25,1178.2
2019-07-26,1179.8
2019-07-29,1184.2
2019-07-30,1183.4
2019-07-31,1182.0
2019-08-01,1181.9
2019-08-02,1188.5
2019-08-05,1194.8
2019-08-06,1211.8
2019-08-07,1214.3
2019-08-08,1214.5
2019-08-09,1211.3
2019-08-12,1209.7
2019-08-13,1215.6
2019-08-14,1218.9
2019-08-16,1211.7
2019-08-19,1213.3
2019-08-20,1210.7
2019-08-21,1210.2
2019-08-22,1204.0
2019-08-23,1205.1
2019-08-26,1212.2
2019-08-27,1218.2
2019-08-28,1213.1
2019-08-29,1213.5
2019-08-30,1215.2
2019-09-02,1209.6
2019-09-03,1211.9
2019-09-04,1215.2
2019-09-05,1209.7
2019-09-06,1199.6
2019-09-09,1196.9
2019-09-10,1192.4
2019-09-11,1191.9
2019-09-16,1191.4
2019-09-17,1184.0
2019-09-18,1188.3
2019-09-19,1190.5
2019-09-20,1195.1
2019-09-23,1191.1
2019-09-24,1193.1
2019-09-25,1194.0
2019-09-26,1198.3
2019-09-27,1199.1
2019-09-30,1201.3
2019-10-01,1199.2
2019-10-02,1198.2
2019-10-04,1203.7
2019-10-07,1197.0
2019-10-08,1196.5
2019-10-10,1194.7
2019-10-11,1196.1
2019-10-14,1189.3
2019-10-15,1183.7
2019-10-16,1184.1
2019-10-17,1187.0
2019-10-18,1186.6
2019-10-21,1180.5
2019-10-22,1175.4
2019-10-23,1171.4
2019-10-24,1173.7
2019-10-25,1171.0
2019-10-28,1174.2
2019-10-29,1169.6
2019-10-30,1166.5
2019-10-31,1168.4
2019-11-01,1161.7
2019-11-04,1167.6
2019-11-05,1160.4
2019-11-06,1160.1
2019-11-07,1157.5
2019-11-08,1160.6
2019-11-11,1156.1
2019-11-12,1161.3
2019-11-13,1163.5
2019-11-14,1167.6
2019-11-15,1170.4
2019-11-18,1166.3
2019-11-19,1164.5
2019-11-20,1168.6
2019-11-21,1170.1
2019-11-22,1176.5
2019-11-25,1177.8
2019-11-26,1176.2
2019-11-27,1174.4
2019-11-28,1176.0
2019-11-29,1179.3
2019-12-02,1180.3
2019-12-03,1180.4
2019-12-04,1186.2
2019-12-05,1193.7
2019-12-06,1190.2
2019-12-09,1189.7
2019-12-10,1189.3
2019-12-11,1192.0
2019-12-12,1193.3
2019-12-13,1188.6
2019-12-16,1171.7
2019-12-17,1172.9
2019-12-18,1166.7
2019-12-19,1165.3
2019-12-20,1164.5
2019-12-23,1162.6
2019-12-24,1161.7
2019-12-26,1163.7
2019-12-27,1161.2
2019-12-30,1160.9
2019-12-31,1157.8
2020-01-02,1157.8
2020-01-03,1156.9
2020-01-06,1162.7
2020-01-07,1169.6
2020-01-08,1165.3
2020-01-09,1174.1
2020-01-10,1160.0
2020-01-13,1161.1
2020-01-14,1155.7
2020-01-15,1153.1
2020-01-16,1158.8
